<?xml version="1.0" encoding="UTF-8" standalone="yes"?>
<addon id="plugin.video.tvplayer" name="Tv Player" version="1.2.0" provider-name="tvplayer">
  <requires>
    <import addon="xbmc.python" version="2.1.0"/>
  </requires>
  <extension point="xbmc.python.pluginsource" library="default.py">
        <provides>video</provides>
  </extension>
  <extension point="xbmc.service" library="service.py" start="login" />
  <extension point="xbmc.addon.metadata">
    <summary lang="en">Stream Most U.K. Live TV</summary>
    <description lang="en">Stream Most U.K. Live TV</description>
    <platform>all</platform>
  </extension>
</addon>