<?xml version="1.0" encoding="UTF-8" standalone="yes"?>
<addon id="repository.brplayer"
        name="BRplayer Kodi Add-On Repository"
        version="1.0.0"
        provider-name="brplayer">
    <extension point="xbmc.addon.repository" name="BRplayer Kodi Add-On Repository">
        <info compressed="false">https://raw.githubusercontent.com/olavopeixoto/repository.brplayer/master/addons.xml</info>
        <checksum>https://raw.githubusercontent.com/olavopeixoto/repository.brplayer/master/addons.xml.md5</checksum>
        <datadir zip="true">https://raw.githubusercontent.com/olavopeixoto/repository.brplayer/master/</datadir>
    </extension>
    <extension point="xbmc.addon.metadata">
        <summary>BRplayer Addons</summary>
        <description>Download and install BRplayer addons</description>
        <platform>all</platform>
    </extension>
</addon>